進出口別,日期,貨品號列,中文貨名,英文貨名,國家,美元(千元),重量(公噸)
出口總值(含復出口),108年,850760,鋰離子蓄電池, Lithium-ion,土耳其,251,2.524
出口總值(含復出口),108年,850760,鋰離子蓄電池, Lithium-ion,中國大陸,24323,874.3
出口總值(含復出口),108年,850760,鋰離子蓄電池, Lithium-ion,丹麥,103,1.51
出口總值(含復出口),108年,850760,鋰離子蓄電池, Lithium-ion,巴布亞紐幾內亞,0,0.008
出口總值(含復出口),108年,850760,鋰離子蓄電池, Lithium-ion,巴西,715,5.372
出口總值(含復出口),108年,850760,鋰離子蓄電池, Lithium-ion,日本,24522,289.281
出口總值(含復出口),108年,850760,鋰離子蓄電池, Lithium-ion,比利時,1946,25.45
出口總值(含復出口),108年,850760,鋰離子蓄電池, Lithium-ion,以色列,417,3.099
出口總值(含復出口),108年,850760,鋰離子蓄電池, Lithium-ion,加拿大,14562,252.196
出口總值(含復出口),108年,850760,鋰離子蓄電池, Lithium-ion,立陶宛,102,3.328
出口總值(含復出口),108年,850760,鋰離子蓄電池, Lithium-ion,匈牙利,174,1.88
出口總值(含復出口),108年,850760,鋰離子蓄電池, Lithium-ion,印尼,16,0.279
出口總值(含復出口),108年,850760,鋰離子蓄電池, Lithium-ion,印度,891,16.817
出口總值(含復出口),108年,850760,鋰離子蓄電池, Lithium-ion,吐瓦魯,9,0.059
出口總值(含復出口),108年,850760,鋰離子蓄電池, Lithium-ion,多明尼加,1,0.06
出口總值(含復出口),108年,850760,鋰離子蓄電池, Lithium-ion,西班牙,2594,30.32
出口總值(含復出口),108年,850760,鋰離子蓄電池, Lithium-ion,克羅埃西亞,3,0.102
出口總值(含復出口),108年,850760,鋰離子蓄電池, Lithium-ion,希臘,6,0.052
出口總值(含復出口),108年,850760,鋰離子蓄電池, Lithium-ion,沙烏地阿拉伯,86,1.251
出口總值(含復出口),108年,850760,鋰離子蓄電池, Lithium-ion,其他國家,14,0.145
出口總值(含復出口),108年,850760,鋰離子蓄電池, Lithium-ion,孟加拉,97,4.226
出口總值(含復出口),108年,850760,鋰離子蓄電池, Lithium-ion,波蘭,1780,48.195
出口總值(含復出口),108年,850760,鋰離子蓄電池, Lithium-ion,法國,2762,25.208
出口總值(含復出口),108年,850760,鋰離子蓄電池, Lithium-ion,芬蘭,233,3.688
出口總值(含復出口),108年,850760,鋰離子蓄電池, Lithium-ion,阿拉伯聯合大公國,897,33.853
出口總值(含復出口),108年,850760,鋰離子蓄電池, Lithium-ion,阿爾巴尼亞,0,0.01
出口總值(含復出口),108年,850760,鋰離子蓄電池, Lithium-ion,保加利亞,1,0.006
出口總值(含復出口),108年,850760,鋰離子蓄電池, Lithium-ion,俄羅斯,153,4.742
出口總值(含復出口),108年,850760,鋰離子蓄電池, Lithium-ion,南非,350,13.356
出口總值(含復出口),108年,850760,鋰離子蓄電池, Lithium-ion,南韓,2189,38.901
出口總值(含復出口),108年,850760,鋰離子蓄電池, Lithium-ion,哈薩克,1,0.011
出口總值(含復出口),108年,850760,鋰離子蓄電池, Lithium-ion,柬埔寨,0,0
出口總值(含復出口),108年,850760,鋰離子蓄電池, Lithium-ion,科威特,203,7.241
出口總值(含復出口),108年,850760,鋰離子蓄電池, Lithium-ion,美國,66634,995.609
出口總值(含復出口),108年,850760,鋰離子蓄電池, Lithium-ion,英國,4598,74.01
出口總值(含復出口),108年,850760,鋰離子蓄電池, Lithium-ion,香港,23671,397.478
出口總值(含復出口),108年,850760,鋰離子蓄電池, Lithium-ion,剛果,3,0.021
出口總值(含復出口),108年,850760,鋰離子蓄電池, Lithium-ion,哥倫比亞,467,19.121
出口總值(含復出口),108年,850760,鋰離子蓄電池, Lithium-ion,哥斯大黎加,0,0.001
出口總值(含復出口),108年,850760,鋰離子蓄電池, Lithium-ion,埃及,170,7.309
出口總值(含復出口),108年,850760,鋰離子蓄電池, Lithium-ion,挪威,61,0.53
出口總值(含復出口),108年,850760,鋰離子蓄電池, Lithium-ion,泰國,4628,75.249
出口總值(含復出口),108年,850760,鋰離子蓄電池, Lithium-ion,海地,3,0.04
出口總值(含復出口),108年,850760,鋰離子蓄電池, Lithium-ion,烏克蘭,16,0.352
出口總值(含復出口),108年,850760,鋰離子蓄電池, Lithium-ion,秘魯,30,1.204
出口總值(含復出口),108年,850760,鋰離子蓄電池, Lithium-ion,紐西蘭,79,2.542
出口總值(含復出口),108年,850760,鋰離子蓄電池, Lithium-ion,紐喀里多尼亞,1,0.024
出口總值(含復出口),108年,850760,鋰離子蓄電池, Lithium-ion,馬來西亞,68093,1467.078
出口總值(含復出口),108年,850760,鋰離子蓄電池, Lithium-ion,捷克,7140,76.908
出口總值(含復出口),108年,850760,鋰離子蓄電池, Lithium-ion,荷蘭,11457,226.098
出口總值(含復出口),108年,850760,鋰離子蓄電池, Lithium-ion,斯洛伐克,127,1.709
出口總值(含復出口),108年,850760,鋰離子蓄電池, Lithium-ion,斯洛維尼亞,633,3.072
出口總值(含復出口),108年,850760,鋰離子蓄電池, Lithium-ion,智利,1,0.013
出口總值(含復出口),108年,850760,鋰離子蓄電池, Lithium-ion,菲律賓,12869,296.081
出口總值(含復出口),108年,850760,鋰離子蓄電池, Lithium-ion,越南,5232,76.559
出口總值(含復出口),108年,850760,鋰離子蓄電池, Lithium-ion,塞內加爾,0,0.042
出口總值(含復出口),108年,850760,鋰離子蓄電池, Lithium-ion,塞席爾,6,0.189
出口總值(含復出口),108年,850760,鋰離子蓄電池, Lithium-ion,奧地利,398,4.835
出口總值(含復出口),108年,850760,鋰離子蓄電池, Lithium-ion,愛爾蘭,30,1.482
出口總值(含復出口),108年,850760,鋰離子蓄電池, Lithium-ion,新加坡,4455,35.618
出口總值(含復出口),108年,850760,鋰離子蓄電池, Lithium-ion,瑞士,6082,86.324
出口總值(含復出口),108年,850760,鋰離子蓄電池, Lithium-ion,瑞典,3245,57.913
出口總值(含復出口),108年,850760,鋰離子蓄電池, Lithium-ion,義大利,4125,64.322
出口總值(含復出口),108年,850760,鋰離子蓄電池, Lithium-ion,葡萄牙,6,0.028
出口總值(含復出口),108年,850760,鋰離子蓄電池, Lithium-ion,德國,8156,109.148
出口總值(含復出口),108年,850760,鋰離子蓄電池, Lithium-ion,摩洛哥,73,1.575
出口總值(含復出口),108年,850760,鋰離子蓄電池, Lithium-ion,模里西斯,29,0.996
出口總值(含復出口),108年,850760,鋰離子蓄電池, Lithium-ion,緬甸,13,0.616
出口總值(含復出口),108年,850760,鋰離子蓄電池, Lithium-ion,墨西哥,280,3.893
出口總值(含復出口),108年,850760,鋰離子蓄電池, Lithium-ion,澳大利亞,1055,12.827
出口總值(含復出口),108年,850760,鋰離子蓄電池, Lithium-ion,羅馬尼亞,469,5.117
出口總值(含復出口),109年,850760,鋰離子蓄電池, Lithium-ion,土耳其,1264,11.862
出口總值(含復出口),109年,850760,鋰離子蓄電池, Lithium-ion,中國大陸,28904,783.449
出口總值(含復出口),109年,850760,鋰離子蓄電池, Lithium-ion,丹麥,177,1.926
出口總值(含復出口),109年,850760,鋰離子蓄電池, Lithium-ion,巴西,722,5.693
出口總值(含復出口),109年,850760,鋰離子蓄電池, Lithium-ion,巴基斯坦,1,0.011
出口總值(含復出口),109年,850760,鋰離子蓄電池, Lithium-ion,日本,36398,510.631
出口總值(含復出口),109年,850760,鋰離子蓄電池, Lithium-ion,比利時,1528,14.69
出口總值(含復出口),109年,850760,鋰離子蓄電池, Lithium-ion,以色列,248,1.624
出口總值(含復出口),109年,850760,鋰離子蓄電池, Lithium-ion,加拿大,11565,239.437
出口總值(含復出口),109年,850760,鋰離子蓄電池, Lithium-ion,卡達,0,0.007
出口總值(含復出口),109年,850760,鋰離子蓄電池, Lithium-ion,冰島,2,0.035
出口總值(含復出口),109年,850760,鋰離子蓄電池, Lithium-ion,匈牙利,223,1.807
出口總值(含復出口),109年,850760,鋰離子蓄電池, Lithium-ion,印尼,451,2.796
出口總值(含復出口),109年,850760,鋰離子蓄電池, Lithium-ion,印度,1290,26.439
出口總值(含復出口),109年,850760,鋰離子蓄電池, Lithium-ion,西班牙,1922,25.787
出口總值(含復出口),109年,850760,鋰離子蓄電池, Lithium-ion,克羅埃西亞,580,11.289
出口總值(含復出口),109年,850760,鋰離子蓄電池, Lithium-ion,希臘,113,1.882
出口總值(含復出口),109年,850760,鋰離子蓄電池, Lithium-ion,沙烏地阿拉伯,67,1.106
出口總值(含復出口),109年,850760,鋰離子蓄電池, Lithium-ion,汶萊,0,0.006
出口總值(含復出口),109年,850760,鋰離子蓄電池, Lithium-ion,其他國家,2,0.015
出口總值(含復出口),109年,850760,鋰離子蓄電池, Lithium-ion,孟加拉,9,0.395
出口總值(含復出口),109年,850760,鋰離子蓄電池, Lithium-ion,帛琉,0,0.002
出口總值(含復出口),109年,850760,鋰離子蓄電池, Lithium-ion,波蘭,949,15.99
出口總值(含復出口),109年,850760,鋰離子蓄電池, Lithium-ion,法國,1790,13.49
出口總值(含復出口),109年,850760,鋰離子蓄電池, Lithium-ion,芬蘭,205,3.351
出口總值(含復出口),109年,850760,鋰離子蓄電池, Lithium-ion,阿拉伯聯合大公國,44,1.192
出口總值(含復出口),109年,850760,鋰離子蓄電池, Lithium-ion,保加利亞,42,0.221
出口總值(含復出口),109年,850760,鋰離子蓄電池, Lithium-ion,俄羅斯,85,1.1
出口總值(含復出口),109年,850760,鋰離子蓄電池, Lithium-ion,南非,305,5.19
出口總值(含復出口),109年,850760,鋰離子蓄電池, Lithium-ion,南韓,4175,109.422
出口總值(含復出口),109年,850760,鋰離子蓄電池, Lithium-ion,柬埔寨,6,0.014
出口總值(含復出口),109年,850760,鋰離子蓄電池, Lithium-ion,科威特,4,0.139
出口總值(含復出口),109年,850760,鋰離子蓄電池, Lithium-ion,約旦,9,0.332
出口總值(含復出口),109年,850760,鋰離子蓄電池, Lithium-ion,美國,55290,629.115
出口總值(含復出口),109年,850760,鋰離子蓄電池, Lithium-ion,英國,7886,155.711
出口總值(含復出口),109年,850760,鋰離子蓄電池, Lithium-ion,香港,26508,563.855
出口總值(含復出口),109年,850760,鋰離子蓄電池, Lithium-ion,哥倫比亞,23,1.161
出口總值(含復出口),109年,850760,鋰離子蓄電池, Lithium-ion,哥斯大黎加,4,0.082
出口總值(含復出口),109年,850760,鋰離子蓄電池, Lithium-ion,埃及,3,0.368
出口總值(含復出口),109年,850760,鋰離子蓄電池, Lithium-ion,挪威,187,5.105
出口總值(含復出口),109年,850760,鋰離子蓄電池, Lithium-ion,泰國,5078,122.021
出口總值(含復出口),109年,850760,鋰離子蓄電池, Lithium-ion,海地,2,0.032
出口總值(含復出口),109年,850760,鋰離子蓄電池, Lithium-ion,烏克蘭,2,0.01
出口總值(含復出口),109年,850760,鋰離子蓄電池, Lithium-ion,紐西蘭,200,4.553
出口總值(含復出口),109年,850760,鋰離子蓄電池, Lithium-ion,紐喀里多尼亞,3,0.113
出口總值(含復出口),109年,850760,鋰離子蓄電池, Lithium-ion,馬來西亞,45885,1060.415
出口總值(含復出口),109年,850760,鋰離子蓄電池, Lithium-ion,密克羅尼西亞,20,0.78
出口總值(含復出口),109年,850760,鋰離子蓄電池, Lithium-ion,捷克,3575,24.74
出口總值(含復出口),109年,850760,鋰離子蓄電池, Lithium-ion,荷蘭,9263,147.173
出口總值(含復出口),109年,850760,鋰離子蓄電池, Lithium-ion,斐濟,0,0.001
出口總值(含復出口),109年,850760,鋰離子蓄電池, Lithium-ion,斯里蘭卡,23,0.376
出口總值(含復出口),109年,850760,鋰離子蓄電池, Lithium-ion,斯洛伐克,25,0.101
出口總值(含復出口),109年,850760,鋰離子蓄電池, Lithium-ion,斯洛維尼亞,687,3.404
出口總值(含復出口),109年,850760,鋰離子蓄電池, Lithium-ion,智利,8,0.034
出口總值(含復出口),109年,850760,鋰離子蓄電池, Lithium-ion,菲律賓,23380,562.867
出口總值(含復出口),109年,850760,鋰離子蓄電池, Lithium-ion,越南,14097,147.825
出口總值(含復出口),109年,850760,鋰離子蓄電池, Lithium-ion,奧地利,566,6.399
出口總值(含復出口),109年,850760,鋰離子蓄電池, Lithium-ion,愛沙尼亞,0,0.001
出口總值(含復出口),109年,850760,鋰離子蓄電池, Lithium-ion,愛爾蘭,48,0.356
出口總值(含復出口),109年,850760,鋰離子蓄電池, Lithium-ion,新加坡,6555,81.684
出口總值(含復出口),109年,850760,鋰離子蓄電池, Lithium-ion,瑞士,5989,83.942
出口總值(含復出口),109年,850760,鋰離子蓄電池, Lithium-ion,瑞典,2529,46.887
出口總值(含復出口),109年,850760,鋰離子蓄電池, Lithium-ion,義大利,5397,79.699
出口總值(含復出口),109年,850760,鋰離子蓄電池, Lithium-ion,聖露西亞,2,0.032
出口總值(含復出口),109年,850760,鋰離子蓄電池, Lithium-ion,葡萄牙,547,7.811
出口總值(含復出口),109年,850760,鋰離子蓄電池, Lithium-ion,德國,8599,118.326
出口總值(含復出口),109年,850760,鋰離子蓄電池, Lithium-ion,緬甸,17,0.149
出口總值(含復出口),109年,850760,鋰離子蓄電池, Lithium-ion,墨西哥,388,5.058
出口總值(含復出口),109年,850760,鋰離子蓄電池, Lithium-ion,澳大利亞,1462,22.74
出口總值(含復出口),109年,850760,鋰離子蓄電池, Lithium-ion,盧森堡,154,1.61
出口總值(含復出口),109年,850760,鋰離子蓄電池, Lithium-ion,羅馬尼亞,559,5.841
出口總值(含復出口),110年,850760,鋰離子蓄電池, Lithium-ion,千里達及托巴哥,0,0.004
出口總值(含復出口),110年,850760,鋰離子蓄電池, Lithium-ion,土耳其,3163,57.257
出口總值(含復出口),110年,850760,鋰離子蓄電池, Lithium-ion,中國大陸,43846,805.536
出口總值(含復出口),110年,850760,鋰離子蓄電池, Lithium-ion,丹麥,554,5.631
出口總值(含復出口),110年,850760,鋰離子蓄電池, Lithium-ion,厄瓜多,9,0.157
出口總值(含復出口),110年,850760,鋰離子蓄電池, Lithium-ion,巴西,204,2.157
出口總值(含復出口),110年,850760,鋰離子蓄電池, Lithium-ion,巴拉圭,0,0.003
出口總值(含復出口),110年,850760,鋰離子蓄電池, Lithium-ion,巴拿馬,17,0.151
出口總值(含復出口),110年,850760,鋰離子蓄電池, Lithium-ion,日本,40041,539.134
出口總值(含復出口),110年,850760,鋰離子蓄電池, Lithium-ion,比利時,1800,23.596
出口總值(含復出口),110年,850760,鋰離子蓄電池, Lithium-ion,以色列,459,3.414
出口總值(含復出口),110年,850760,鋰離子蓄電池, Lithium-ion,加拿大,19135,586.025
出口總值(含復出口),110年,850760,鋰離子蓄電池, Lithium-ion,卡達,6,0.043
出口總值(含復出口),110年,850760,鋰離子蓄電池, Lithium-ion,瓜地馬拉,0,0.011
出口總值(含復出口),110年,850760,鋰離子蓄電池, Lithium-ion,立陶宛,9,0.261
出口總值(含復出口),110年,850760,鋰離子蓄電池, Lithium-ion,列支敦斯登,8,0.086
出口總值(含復出口),110年,850760,鋰離子蓄電池, Lithium-ion,匈牙利,4221,85.25
出口總值(含復出口),110年,850760,鋰離子蓄電池, Lithium-ion,印尼,774,10.245
出口總值(含復出口),110年,850760,鋰離子蓄電池, Lithium-ion,印度,5328,114.755
出口總值(含復出口),110年,850760,鋰離子蓄電池, Lithium-ion,西班牙,3034,39.737
出口總值(含復出口),110年,850760,鋰離子蓄電池, Lithium-ion,克羅埃西亞,27,0.453
出口總值(含復出口),110年,850760,鋰離子蓄電池, Lithium-ion,宏都拉斯,3,0.042
出口總值(含復出口),110年,850760,鋰離子蓄電池, Lithium-ion,希臘,59,1.02
出口總值(含復出口),110年,850760,鋰離子蓄電池, Lithium-ion,沙烏地阿拉伯,7,0.125
出口總值(含復出口),110年,850760,鋰離子蓄電池, Lithium-ion,貝南,12,0.032
出口總值(含復出口),110年,850760,鋰離子蓄電池, Lithium-ion,其他國家,10,0.306
出口總值(含復出口),110年,850760,鋰離子蓄電池, Lithium-ion,孟加拉,221,3.213
出口總值(含復出口),110年,850760,鋰離子蓄電池, Lithium-ion,波士尼亞及赫塞哥維納,0,0.005
出口總值(含復出口),110年,850760,鋰離子蓄電池, Lithium-ion,波蘭,1928,29.34
出口總值(含復出口),110年,850760,鋰離子蓄電池, Lithium-ion,法國,4054,41.819
出口總值(含復出口),110年,850760,鋰離子蓄電池, Lithium-ion,芬蘭,83,1.156
出口總值(含復出口),110年,850760,鋰離子蓄電池, Lithium-ion,阿拉伯聯合大公國,358,13.561
出口總值(含復出口),110年,850760,鋰離子蓄電池, Lithium-ion,阿根廷,200,3.166
出口總值(含復出口),110年,850760,鋰離子蓄電池, Lithium-ion,保加利亞,1641,18.8
出口總值(含復出口),110年,850760,鋰離子蓄電池, Lithium-ion,俄羅斯,170,2.402
出口總值(含復出口),110年,850760,鋰離子蓄電池, Lithium-ion,南非,316,5.085
出口總值(含復出口),110年,850760,鋰離子蓄電池, Lithium-ion,南韓,1011,16.441
出口總值(含復出口),110年,850760,鋰離子蓄電池, Lithium-ion,柬埔寨,4406,44.268
出口總值(含復出口),110年,850760,鋰離子蓄電池, Lithium-ion,科威特,4,0.055
出口總值(含復出口),110年,850760,鋰離子蓄電池, Lithium-ion,美國,78300,1024.984
出口總值(含復出口),110年,850760,鋰離子蓄電池, Lithium-ion,英國,9767,160.926
出口總值(含復出口),110年,850760,鋰離子蓄電池, Lithium-ion,香港,34565,621.265
出口總值(含復出口),110年,850760,鋰離子蓄電池, Lithium-ion,哥倫比亞,13,0.087
出口總值(含復出口),110年,850760,鋰離子蓄電池, Lithium-ion,哥斯大黎加,11,0.111
出口總值(含復出口),110年,850760,鋰離子蓄電池, Lithium-ion,挪威,216,2.604
出口總值(含復出口),110年,850760,鋰離子蓄電池, Lithium-ion,泰國,6549,135.704
出口總值(含復出口),110年,850760,鋰離子蓄電池, Lithium-ion,海地,1,0.294
出口總值(含復出口),110年,850760,鋰離子蓄電池, Lithium-ion,秘魯,23,0.322
出口總值(含復出口),110年,850760,鋰離子蓄電池, Lithium-ion,紐西蘭,204,3.754
出口總值(含復出口),110年,850760,鋰離子蓄電池, Lithium-ion,紐喀里多尼亞,1,0.042
出口總值(含復出口),110年,850760,鋰離子蓄電池, Lithium-ion,馬來西亞,46343,1054.259
出口總值(含復出口),110年,850760,鋰離子蓄電池, Lithium-ion,馬紹爾群島,19,0.972
出口總值(含復出口),110年,850760,鋰離子蓄電池, Lithium-ion,馬爾地夫,1,0.01
出口總值(含復出口),110年,850760,鋰離子蓄電池, Lithium-ion,捷克,2722,22.227
出口總值(含復出口),110年,850760,鋰離子蓄電池, Lithium-ion,荷蘭,24844,355.64
出口總值(含復出口),110年,850760,鋰離子蓄電池, Lithium-ion,斯洛伐克,26,0.14
出口總值(含復出口),110年,850760,鋰離子蓄電池, Lithium-ion,斯洛維尼亞,2036,48.525
出口總值(含復出口),110年,850760,鋰離子蓄電池, Lithium-ion,智利,43,0.966
出口總值(含復出口),110年,850760,鋰離子蓄電池, Lithium-ion,菲律賓,22108,546.003
出口總值(含復出口),110年,850760,鋰離子蓄電池, Lithium-ion,越南,16362,168.654
出口總值(含復出口),110年,850760,鋰離子蓄電池, Lithium-ion,奧地利,452,8.722
出口總值(含復出口),110年,850760,鋰離子蓄電池, Lithium-ion,愛爾蘭,185,2.896
出口總值(含復出口),110年,850760,鋰離子蓄電池, Lithium-ion,新加坡,4503,60.959
出口總值(含復出口),110年,850760,鋰離子蓄電池, Lithium-ion,瑞士,4074,54.883
出口總值(含復出口),110年,850760,鋰離子蓄電池, Lithium-ion,瑞典,2684,51.496
出口總值(含復出口),110年,850760,鋰離子蓄電池, Lithium-ion,義大利,7987,112.605
出口總值(含復出口),110年,850760,鋰離子蓄電池, Lithium-ion,葡萄牙,2406,34.559
出口總值(含復出口),110年,850760,鋰離子蓄電池, Lithium-ion,德國,15326,189.547
出口總值(含復出口),110年,850760,鋰離子蓄電池, Lithium-ion,黎巴嫩,0,0
出口總值(含復出口),110年,850760,鋰離子蓄電池, Lithium-ion,墨西哥,972,9.029
出口總值(含復出口),110年,850760,鋰離子蓄電池, Lithium-ion,澳大利亞,3057,65.007
出口總值(含復出口),110年,850760,鋰離子蓄電池, Lithium-ion,盧森堡,337,3.187
出口總值(含復出口),110年,850760,鋰離子蓄電池, Lithium-ion,羅馬尼亞,165,1.363
出口總值(含復出口),111年,850760,鋰離子蓄電池, Lithium-ion,土耳其,1403,9.791
出口總值(含復出口),111年,850760,鋰離子蓄電池, Lithium-ion,中國大陸,45165,767.022
出口總值(含復出口),111年,850760,鋰離子蓄電池, Lithium-ion,丹麥,589,6.644
出口總值(含復出口),111年,850760,鋰離子蓄電池, Lithium-ion,厄瓜多,10,0.178
出口總值(含復出口),111年,850760,鋰離子蓄電池, Lithium-ion,巴西,761,6.718
出口總值(含復出口),111年,850760,鋰離子蓄電池, Lithium-ion,日本,45269,499.634
出口總值(含復出口),111年,850760,鋰離子蓄電池, Lithium-ion,比利時,3835,42.592
出口總值(含復出口),111年,850760,鋰離子蓄電池, Lithium-ion,以色列,837,11.27
出口總值(含復出口),111年,850760,鋰離子蓄電池, Lithium-ion,加拿大,26911,596.078
出口總值(含復出口),111年,850760,鋰離子蓄電池, Lithium-ion,瓜地馬拉,1,0.003
出口總值(含復出口),111年,850760,鋰離子蓄電池, Lithium-ion,立陶宛,24,0.521
出口總值(含復出口),111年,850760,鋰離子蓄電池, Lithium-ion,匈牙利,10954,190.007
出口總值(含復出口),111年,850760,鋰離子蓄電池, Lithium-ion,印尼,948,15.99
出口總值(含復出口),111年,850760,鋰離子蓄電池, Lithium-ion,印度,10367,225.494
出口總值(含復出口),111年,850760,鋰離子蓄電池, Lithium-ion,多明尼加,4,0.04
出口總值(含復出口),111年,850760,鋰離子蓄電池, Lithium-ion,西班牙,8545,134.984
出口總值(含復出口),111年,850760,鋰離子蓄電池, Lithium-ion,克羅埃西亞,520,7.215
出口總值(含復出口),111年,850760,鋰離子蓄電池, Lithium-ion,宏都拉斯,0,0.001
出口總值(含復出口),111年,850760,鋰離子蓄電池, Lithium-ion,希臘,20,0.113
出口總值(含復出口),111年,850760,鋰離子蓄電池, Lithium-ion,沙烏地阿拉伯,3,0.016
出口總值(含復出口),111年,850760,鋰離子蓄電池, Lithium-ion,其他國家,8,0.108
出口總值(含復出口),111年,850760,鋰離子蓄電池, Lithium-ion,波蘭,9785,207.964
出口總值(含復出口),111年,850760,鋰離子蓄電池, Lithium-ion,法國,4101,42.732
出口總值(含復出口),111年,850760,鋰離子蓄電池, Lithium-ion,芬蘭,46,0.314
出口總值(含復出口),111年,850760,鋰離子蓄電池, Lithium-ion,阿拉伯聯合大公國,50,0.307
出口總值(含復出口),111年,850760,鋰離子蓄電池, Lithium-ion,阿根廷,42,0.182
出口總值(含復出口),111年,850760,鋰離子蓄電池, Lithium-ion,保加利亞,4771,55.972
出口總值(含復出口),111年,850760,鋰離子蓄電池, Lithium-ion,俄羅斯,12,0.053
出口總值(含復出口),111年,850760,鋰離子蓄電池, Lithium-ion,南非,1439,22.836
出口總值(含復出口),111年,850760,鋰離子蓄電池, Lithium-ion,南韓,2412,33.156
出口總值(含復出口),111年,850760,鋰離子蓄電池, Lithium-ion,哈薩克,8,0.043
出口總值(含復出口),111年,850760,鋰離子蓄電池, Lithium-ion,柬埔寨,14960,143.851
出口總值(含復出口),111年,850760,鋰離子蓄電池, Lithium-ion,美國,136212,2317.102
出口總值(含復出口),111年,850760,鋰離子蓄電池, Lithium-ion,英國,10848,176.341
出口總值(含復出口),111年,850760,鋰離子蓄電池, Lithium-ion,香港,42655,578.822
出口總值(含復出口),111年,850760,鋰離子蓄電池, Lithium-ion,哥倫比亞,107,2.619
出口總值(含復出口),111年,850760,鋰離子蓄電池, Lithium-ion,哥斯大黎加,10,0.054
出口總值(含復出口),111年,850760,鋰離子蓄電池, Lithium-ion,埃及,9,0.028
出口總值(含復出口),111年,850760,鋰離子蓄電池, Lithium-ion,挪威,149,2.735
出口總值(含復出口),111年,850760,鋰離子蓄電池, Lithium-ion,泰國,6595,53.479
出口總值(含復出口),111年,850760,鋰離子蓄電池, Lithium-ion,烏拉圭,30,0.148
出口總值(含復出口),111年,850760,鋰離子蓄電池, Lithium-ion,秘魯,4,0.057
出口總值(含復出口),111年,850760,鋰離子蓄電池, Lithium-ion,紐西蘭,92,1.49
出口總值(含復出口),111年,850760,鋰離子蓄電池, Lithium-ion,紐喀里多尼亞,1,0.02
出口總值(含復出口),111年,850760,鋰離子蓄電池, Lithium-ion,納米比亞,21,0.009
出口總值(含復出口),111年,850760,鋰離子蓄電池, Lithium-ion,馬來西亞,72562,1180.049
出口總值(含復出口),111年,850760,鋰離子蓄電池, Lithium-ion,捷克,6595,84.001
出口總值(含復出口),111年,850760,鋰離子蓄電池, Lithium-ion,莫三比克,0,0.002
出口總值(含復出口),111年,850760,鋰離子蓄電池, Lithium-ion,荷蘭,63833,1043.301
出口總值(含復出口),111年,850760,鋰離子蓄電池, Lithium-ion,斐濟,18,0.901
出口總值(含復出口),111年,850760,鋰離子蓄電池, Lithium-ion,斯里蘭卡,36,0.472
出口總值(含復出口),111年,850760,鋰離子蓄電池, Lithium-ion,斯洛伐克,54,0.455
出口總值(含復出口),111年,850760,鋰離子蓄電池, Lithium-ion,斯洛維尼亞,3143,56.741
出口總值(含復出口),111年,850760,鋰離子蓄電池, Lithium-ion,智利,2,0.017
出口總值(含復出口),111年,850760,鋰離子蓄電池, Lithium-ion,菲律賓,32893,595.324
出口總值(含復出口),111年,850760,鋰離子蓄電池, Lithium-ion,越南,24041,238.938
出口總值(含復出口),111年,850760,鋰離子蓄電池, Lithium-ion,奧地利,785,15.462
出口總值(含復出口),111年,850760,鋰離子蓄電池, Lithium-ion,愛沙尼亞,369,5.108
出口總值(含復出口),111年,850760,鋰離子蓄電池, Lithium-ion,愛爾蘭,210,2.057
出口總值(含復出口),111年,850760,鋰離子蓄電池, Lithium-ion,新加坡,4677,68.116
出口總值(含復出口),111年,850760,鋰離子蓄電池, Lithium-ion,瑞士,8535,111.268
出口總值(含復出口),111年,850760,鋰離子蓄電池, Lithium-ion,瑞典,7096,110.763
出口總值(含復出口),111年,850760,鋰離子蓄電池, Lithium-ion,義大利,15570,202.112
出口總值(含復出口),111年,850760,鋰離子蓄電池, Lithium-ion,葡萄牙,3248,54.745
出口總值(含復出口),111年,850760,鋰離子蓄電池, Lithium-ion,德國,23797,283.551
出口總值(含復出口),111年,850760,鋰離子蓄電池, Lithium-ion,摩納哥,8,0.164
出口總值(含復出口),111年,850760,鋰離子蓄電池, Lithium-ion,黎巴嫩,2,0.023
出口總值(含復出口),111年,850760,鋰離子蓄電池, Lithium-ion,墨西哥,2068,19.04
出口總值(含復出口),111年,850760,鋰離子蓄電池, Lithium-ion,澳大利亞,3596,69.104
出口總值(含復出口),111年,850760,鋰離子蓄電池, Lithium-ion,澳門,3,0.041
出口總值(含復出口),111年,850760,鋰離子蓄電池, Lithium-ion,盧森堡,113,1.127
出口總值(含復出口),111年,850760,鋰離子蓄電池, Lithium-ion,羅馬尼亞,231,1.61
出口總值(含復出口),111年,850760,鋰離子蓄電池, Lithium-ion,關島,7,0.104
出口總值(含復出口),112年,850760,鋰離子蓄電池, Lithium-ion,土耳其,768,5.341
出口總值(含復出口),112年,850760,鋰離子蓄電池, Lithium-ion,中國大陸,37378,1066.786
出口總值(含復出口),112年,850760,鋰離子蓄電池, Lithium-ion,丹麥,298,3.564
出口總值(含復出口),112年,850760,鋰離子蓄電池, Lithium-ion,巴西,257,1.773
出口總值(含復出口),112年,850760,鋰離子蓄電池, Lithium-ion,日本,35508,372.081
出口總值(含復出口),112年,850760,鋰離子蓄電池, Lithium-ion,比利時,4153,54.613
出口總值(含復出口),112年,850760,鋰離子蓄電池, Lithium-ion,以色列,296,2.243
出口總值(含復出口),112年,850760,鋰離子蓄電池, Lithium-ion,加拿大,24970,406.728
出口總值(含復出口),112年,850760,鋰離子蓄電池, Lithium-ion,立陶宛,1546,25.488
出口總值(含復出口),112年,850760,鋰離子蓄電池, Lithium-ion,匈牙利,7135,104.792
出口總值(含復出口),112年,850760,鋰離子蓄電池, Lithium-ion,印尼,2534,37.979
出口總值(含復出口),112年,850760,鋰離子蓄電池, Lithium-ion,印度,4072,85.428
出口總值(含復出口),112年,850760,鋰離子蓄電池, Lithium-ion,多明尼加,11,0.093
出口總值(含復出口),112年,850760,鋰離子蓄電池, Lithium-ion,西班牙,10580,149.914
出口總值(含復出口),112年,850760,鋰離子蓄電池, Lithium-ion,克羅埃西亞,666,9.128
出口總值(含復出口),112年,850760,鋰離子蓄電池, Lithium-ion,希臘,42,0.522
出口總值(含復出口),112年,850760,鋰離子蓄電池, Lithium-ion,沙烏地阿拉伯,6,0.04
出口總值(含復出口),112年,850760,鋰離子蓄電池, Lithium-ion,貝里斯,163,0.213
出口總值(含復出口),112年,850760,鋰離子蓄電池, Lithium-ion,其他國家,102,1.166
出口總值(含復出口),112年,850760,鋰離子蓄電池, Lithium-ion,拉脫維亞,15,0.391
出口總值(含復出口),112年,850760,鋰離子蓄電池, Lithium-ion,波蘭,8273,118.472
出口總值(含復出口),112年,850760,鋰離子蓄電池, Lithium-ion,法國,3328,31.412
出口總值(含復出口),112年,850760,鋰離子蓄電池, Lithium-ion,法屬玻里尼西亞,0,0.015
出口總值(含復出口),112年,850760,鋰離子蓄電池, Lithium-ion,芬蘭,158,1.546
出口總值(含復出口),112年,850760,鋰離子蓄電池, Lithium-ion,阿拉伯聯合大公國,30,0.139
出口總值(含復出口),112年,850760,鋰離子蓄電池, Lithium-ion,阿根廷,35,0.043
出口總值(含復出口),112年,850760,鋰離子蓄電池, Lithium-ion,保加利亞,1180,10.093
出口總值(含復出口),112年,850760,鋰離子蓄電池, Lithium-ion,俄羅斯,15,0.264
出口總值(含復出口),112年,850760,鋰離子蓄電池, Lithium-ion,南非,85,1.511
出口總值(含復出口),112年,850760,鋰離子蓄電池, Lithium-ion,南韓,6079,109.039
出口總值(含復出口),112年,850760,鋰離子蓄電池, Lithium-ion,哈薩克,0,0.002
出口總值(含復出口),112年,850760,鋰離子蓄電池, Lithium-ion,柬埔寨,5707,68.781
出口總值(含復出口),112年,850760,鋰離子蓄電池, Lithium-ion,美國,116700,1815.81
出口總值(含復出口),112年,850760,鋰離子蓄電池, Lithium-ion,英國,6947,131.691
出口總值(含復出口),112年,850760,鋰離子蓄電池, Lithium-ion,香港,46946,964.735
出口總值(含復出口),112年,850760,鋰離子蓄電池, Lithium-ion,哥倫比亞,467,12.189
出口總值(含復出口),112年,850760,鋰離子蓄電池, Lithium-ion,哥斯大黎加,14,0.429
出口總值(含復出口),112年,850760,鋰離子蓄電池, Lithium-ion,挪威,649,9.968
出口總值(含復出口),112年,850760,鋰離子蓄電池, Lithium-ion,泰國,9720,144.372
出口總值(含復出口),112年,850760,鋰離子蓄電池, Lithium-ion,烏拉圭,41,0.189
出口總值(含復出口),112年,850760,鋰離子蓄電池, Lithium-ion,留尼旺,2,0.013
出口總值(含復出口),112年,850760,鋰離子蓄電池, Lithium-ion,秘魯,1,0.001
出口總值(含復出口),112年,850760,鋰離子蓄電池, Lithium-ion,紐西蘭,221,4.293
出口總值(含復出口),112年,850760,鋰離子蓄電池, Lithium-ion,紐喀里多尼亞,4,0.12
出口總值(含復出口),112年,850760,鋰離子蓄電池, Lithium-ion,馬來西亞,37384,672.083
出口總值(含復出口),112年,850760,鋰離子蓄電池, Lithium-ion,馬紹爾群島,0,0.003
出口總值(含復出口),112年,850760,鋰離子蓄電池, Lithium-ion,馬爾地夫,7,0.068
出口總值(含復出口),112年,850760,鋰離子蓄電池, Lithium-ion,捷克,4547,57.056
出口總值(含復出口),112年,850760,鋰離子蓄電池, Lithium-ion,荷蘭,26937,460.521
出口總值(含復出口),112年,850760,鋰離子蓄電池, Lithium-ion,斐濟,51,2.016
出口總值(含復出口),112年,850760,鋰離子蓄電池, Lithium-ion,斯洛伐克,1359,31.453
出口總值(含復出口),112年,850760,鋰離子蓄電池, Lithium-ion,斯洛維尼亞,497,6.492
出口總值(含復出口),112年,850760,鋰離子蓄電池, Lithium-ion,智利,215,3.361
出口總值(含復出口),112年,850760,鋰離子蓄電池, Lithium-ion,菲律賓,30791,541.032
出口總值(含復出口),112年,850760,鋰離子蓄電池, Lithium-ion,越南,33938,7629.373
出口總值(含復出口),112年,850760,鋰離子蓄電池, Lithium-ion,奧地利,380,4.841
出口總值(含復出口),112年,850760,鋰離子蓄電池, Lithium-ion,愛沙尼亞,222,2.022
出口總值(含復出口),112年,850760,鋰離子蓄電池, Lithium-ion,愛爾蘭,343,3.616
出口總值(含復出口),112年,850760,鋰離子蓄電池, Lithium-ion,新加坡,10537,188.184
出口總值(含復出口),112年,850760,鋰離子蓄電池, Lithium-ion,瑞士,4505,57.645
出口總值(含復出口),112年,850760,鋰離子蓄電池, Lithium-ion,瑞典,2527,35.235
出口總值(含復出口),112年,850760,鋰離子蓄電池, Lithium-ion,義大利,8907,116.63
出口總值(含復出口),112年,850760,鋰離子蓄電池, Lithium-ion,葡萄牙,2345,38.611
出口總值(含復出口),112年,850760,鋰離子蓄電池, Lithium-ion,蒙古,1,0.016
出口總值(含復出口),112年,850760,鋰離子蓄電池, Lithium-ion,蒙特內哥羅,27,0.424
出口總值(含復出口),112年,850760,鋰離子蓄電池, Lithium-ion,德國,13563,159.003
出口總值(含復出口),112年,850760,鋰離子蓄電池, Lithium-ion,摩洛哥,1,0.006
出口總值(含復出口),112年,850760,鋰離子蓄電池, Lithium-ion,墨西哥,1810,17.71
出口總值(含復出口),112年,850760,鋰離子蓄電池, Lithium-ion,澳大利亞,7342,134.266
出口總值(含復出口),112年,850760,鋰離子蓄電池, Lithium-ion,盧森堡,5,0.006
出口總值(含復出口),112年,850760,鋰離子蓄電池, Lithium-ion,羅馬尼亞,333,3.018
出口總值(含復出口),112年,850760,鋰離子蓄電池, Lithium-ion,關島,1,0.005
出口總值(含復出口),113年,850760,鋰離子蓄電池, Lithium-ion,土耳其,1201,14.716
出口總值(含復出口),113年,850760,鋰離子蓄電池, Lithium-ion,中國大陸,28316,583.787
出口總值(含復出口),113年,850760,鋰離子蓄電池, Lithium-ion,丹麥,770,8.043
出口總值(含復出口),113年,850760,鋰離子蓄電池, Lithium-ion,厄瓜多,25,0.702
出口總值(含復出口),113年,850760,鋰離子蓄電池, Lithium-ion,巴西,141,0.581
出口總值(含復出口),113年,850760,鋰離子蓄電池, Lithium-ion,巴林,0,0.002
出口總值(含復出口),113年,850760,鋰離子蓄電池, Lithium-ion,日本,35809,419.943
出口總值(含復出口),113年,850760,鋰離子蓄電池, Lithium-ion,比利時,4792,63.333
出口總值(含復出口),113年,850760,鋰離子蓄電池, Lithium-ion,以色列,395,2.752
出口總值(含復出口),113年,850760,鋰離子蓄電池, Lithium-ion,加拿大,21276,396.405
出口總值(含復出口),113年,850760,鋰離子蓄電池, Lithium-ion,卡達,38,0.264
出口總值(含復出口),113年,850760,鋰離子蓄電池, Lithium-ion,尼泊爾,85,1.515
出口總值(含復出口),113年,850760,鋰離子蓄電池, Lithium-ion,立陶宛,297,5.436
出口總值(含復出口),113年,850760,鋰離子蓄電池, Lithium-ion,伊朗,2,0.113
出口總值(含復出口),113年,850760,鋰離子蓄電池, Lithium-ion,匈牙利,9734,118.107
出口總值(含復出口),113年,850760,鋰離子蓄電池, Lithium-ion,印尼,3931,44.105
出口總值(含復出口),113年,850760,鋰離子蓄電池, Lithium-ion,印度,1223,27.025
出口總值(含復出口),113年,850760,鋰離子蓄電池, Lithium-ion,吐瓦魯,41,0.831
出口總值(含復出口),113年,850760,鋰離子蓄電池, Lithium-ion,西班牙,17152,336.763
出口總值(含復出口),113年,850760,鋰離子蓄電池, Lithium-ion,克羅埃西亞,559,11.361
出口總值(含復出口),113年,850760,鋰離子蓄電池, Lithium-ion,希臘,140,1.4
出口總值(含復出口),113年,850760,鋰離子蓄電池, Lithium-ion,沙烏地阿拉伯,13,0.202
出口總值(含復出口),113年,850760,鋰離子蓄電池, Lithium-ion,其他國家,156,1
出口總值(含復出口),113年,850760,鋰離子蓄電池, Lithium-ion,坦尚尼亞,0,0
出口總值(含復出口),113年,850760,鋰離子蓄電池, Lithium-ion,奈及利亞,36,0.497
出口總值(含復出口),113年,850760,鋰離子蓄電池, Lithium-ion,孟加拉,31,1.043
出口總值(含復出口),113年,850760,鋰離子蓄電池, Lithium-ion,拉脫維亞,85,1.17
出口總值(含復出口),113年,850760,鋰離子蓄電池, Lithium-ion,波多黎各,0,0
出口總值(含復出口),113年,850760,鋰離子蓄電池, Lithium-ion,波蘭,14834,319.972
出口總值(含復出口),113年,850760,鋰離子蓄電池, Lithium-ion,法國,3474,38.467
出口總值(含復出口),113年,850760,鋰離子蓄電池, Lithium-ion,法屬玻里尼西亞,0,0.002
出口總值(含復出口),113年,850760,鋰離子蓄電池, Lithium-ion,芬蘭,222,2.252
出口總值(含復出口),113年,850760,鋰離子蓄電池, Lithium-ion,阿拉伯聯合大公國,129,2.63
出口總值(含復出口),113年,850760,鋰離子蓄電池, Lithium-ion,阿根廷,145,2.071
出口總值(含復出口),113年,850760,鋰離子蓄電池, Lithium-ion,保加利亞,456,2.879
出口總值(含復出口),113年,850760,鋰離子蓄電池, Lithium-ion,南非,941,19.173
出口總值(含復出口),113年,850760,鋰離子蓄電池, Lithium-ion,南韓,6997,126.732
出口總值(含復出口),113年,850760,鋰離子蓄電池, Lithium-ion,哈薩克,26,0.271
出口總值(含復出口),113年,850760,鋰離子蓄電池, Lithium-ion,柬埔寨,4667,50.633
出口總值(含復出口),113年,850760,鋰離子蓄電池, Lithium-ion,科威特,4,0.064
出口總值(含復出口),113年,850760,鋰離子蓄電池, Lithium-ion,美國,272321,4755.915
出口總值(含復出口),113年,850760,鋰離子蓄電池, Lithium-ion,茅利塔尼亞,0,0.002
出口總值(含復出口),113年,850760,鋰離子蓄電池, Lithium-ion,英國,4742,69.465
出口總值(含復出口),113年,850760,鋰離子蓄電池, Lithium-ion,香港,29132,509.592
出口總值(含復出口),113年,850760,鋰離子蓄電池, Lithium-ion,哥倫比亞,752,18.046
出口總值(含復出口),113年,850760,鋰離子蓄電池, Lithium-ion,哥斯大黎加,24,0.673
出口總值(含復出口),113年,850760,鋰離子蓄電池, Lithium-ion,挪威,431,6.911
出口總值(含復出口),113年,850760,鋰離子蓄電池, Lithium-ion,泰國,7370,51.116
出口總值(含復出口),113年,850760,鋰離子蓄電池, Lithium-ion,烏克蘭,5749,143.868
出口總值(含復出口),113年,850760,鋰離子蓄電池, Lithium-ion,烏拉圭,13,0.011
出口總值(含復出口),113年,850760,鋰離子蓄電池, Lithium-ion,秘魯,1,0.003
出口總值(含復出口),113年,850760,鋰離子蓄電池, Lithium-ion,紐西蘭,76,1.832
出口總值(含復出口),113年,850760,鋰離子蓄電池, Lithium-ion,紐喀里多尼亞,7,0.25
出口總值(含復出口),113年,850760,鋰離子蓄電池, Lithium-ion,馬來西亞,31906,600.343
出口總值(含復出口),113年,850760,鋰離子蓄電池, Lithium-ion,馬爾地夫,2,0.006
出口總值(含復出口),113年,850760,鋰離子蓄電池, Lithium-ion,捷克,5946,88.311
出口總值(含復出口),113年,850760,鋰離子蓄電池, Lithium-ion,荷蘭,36749,731.737
出口總值(含復出口),113年,850760,鋰離子蓄電池, Lithium-ion,斯洛伐克,319,3.48
出口總值(含復出口),113年,850760,鋰離子蓄電池, Lithium-ion,斯洛維尼亞,1227,19.32
出口總值(含復出口),113年,850760,鋰離子蓄電池, Lithium-ion,智利,620,9.704
出口總值(含復出口),113年,850760,鋰離子蓄電池, Lithium-ion,菲律賓,27042,529.015
出口總值(含復出口),113年,850760,鋰離子蓄電池, Lithium-ion,越南,38213,14500.365
出口總值(含復出口),113年,850760,鋰離子蓄電池, Lithium-ion,塞爾維亞,3,0.03
出口總值(含復出口),113年,850760,鋰離子蓄電池, Lithium-ion,奧地利,282,3.064
出口總值(含復出口),113年,850760,鋰離子蓄電池, Lithium-ion,愛沙尼亞,597,11.765
出口總值(含復出口),113年,850760,鋰離子蓄電池, Lithium-ion,愛爾蘭,486,7.499
出口總值(含復出口),113年,850760,鋰離子蓄電池, Lithium-ion,新加坡,4095,88.341
出口總值(含復出口),113年,850760,鋰離子蓄電池, Lithium-ion,瑞士,2224,26.671
出口總值(含復出口),113年,850760,鋰離子蓄電池, Lithium-ion,瑞典,2080,31.444
出口總值(含復出口),113年,850760,鋰離子蓄電池, Lithium-ion,義大利,2339,28.858
出口總值(含復出口),113年,850760,鋰離子蓄電池, Lithium-ion,葡萄牙,799,13.81
出口總值(含復出口),113年,850760,鋰離子蓄電池, Lithium-ion,蒙特內哥羅,4,0.01
出口總值(含復出口),113年,850760,鋰離子蓄電池, Lithium-ion,德國,15081,163.87
出口總值(含復出口),113年,850760,鋰離子蓄電池, Lithium-ion,摩納哥,12,0.237
出口總值(含復出口),113年,850760,鋰離子蓄電池, Lithium-ion,墨西哥,2615,27.624
出口總值(含復出口),113年,850760,鋰離子蓄電池, Lithium-ion,澳大利亞,3229,61.86
出口總值(含復出口),113年,850760,鋰離子蓄電池, Lithium-ion,盧森堡,3,0.004
出口總值(含復出口),113年,850760,鋰離子蓄電池, Lithium-ion,薩爾瓦多,6,0.047
出口總值(含復出口),113年,850760,鋰離子蓄電池, Lithium-ion,羅馬尼亞,843,8.966
出口總值(含復出口),114年,850760,鋰離子蓄電池, Lithium-ion,土耳其,272,3.51
出口總值(含復出口),114年,850760,鋰離子蓄電池, Lithium-ion,中國大陸,19950,470.229
出口總值(含復出口),114年,850760,鋰離子蓄電池, Lithium-ion,丹麥,247,1.057
出口總值(含復出口),114年,850760,鋰離子蓄電池, Lithium-ion,巴西,302,2.48
出口總值(含復出口),114年,850760,鋰離子蓄電池, Lithium-ion,巴拿馬,2,0.016
出口總值(含復出口),114年,850760,鋰離子蓄電池, Lithium-ion,日本,41421,623.541
出口總值(含復出口),114年,850760,鋰離子蓄電池, Lithium-ion,比利時,2162,28.63
出口總值(含復出口),114年,850760,鋰離子蓄電池, Lithium-ion,以色列,409,6.838
出口總值(含復出口),114年,850760,鋰離子蓄電池, Lithium-ion,加拿大,17895,352.061
出口總值(含復出口),114年,850760,鋰離子蓄電池, Lithium-ion,卡達,18,0.029
出口總值(含復出口),114年,850760,鋰離子蓄電池, Lithium-ion,立陶宛,3944,72.469
出口總值(含復出口),114年,850760,鋰離子蓄電池, Lithium-ion,匈牙利,4671,44.261
出口總值(含復出口),114年,850760,鋰離子蓄電池, Lithium-ion,印尼,4524,47.973
出口總值(含復出口),114年,850760,鋰離子蓄電池, Lithium-ion,印度,2494,77.227
出口總值(含復出口),114年,850760,鋰離子蓄電池, Lithium-ion,吐瓦魯,27,0.55
出口總值(含復出口),114年,850760,鋰離子蓄電池, Lithium-ion,百慕達,38,0.58
出口總值(含復出口),114年,850760,鋰離子蓄電池, Lithium-ion,西班牙,14784,270.612
出口總值(含復出口),114年,850760,鋰離子蓄電池, Lithium-ion,克羅埃西亞,366,5.64
出口總值(含復出口),114年,850760,鋰離子蓄電池, Lithium-ion,宏都拉斯,12,0.363
出口總值(含復出口),114年,850760,鋰離子蓄電池, Lithium-ion,希臘,46,0.497
出口總值(含復出口),114年,850760,鋰離子蓄電池, Lithium-ion,沙烏地阿拉伯,30,0.074
出口總值(含復出口),114年,850760,鋰離子蓄電池, Lithium-ion,貝里斯,1,0.01
出口總值(含復出口),114年,850760,鋰離子蓄電池, Lithium-ion,亞塞拜然,0,0.001
出口總值(含復出口),114年,850760,鋰離子蓄電池, Lithium-ion,其他國家,118,1.868
出口總值(含復出口),114年,850760,鋰離子蓄電池, Lithium-ion,孟加拉,10,0.426
出口總值(含復出口),114年,850760,鋰離子蓄電池, Lithium-ion,帛琉,0,0.001
出口總值(含復出口),114年,850760,鋰離子蓄電池, Lithium-ion,拉脫維亞,78,0.614
出口總值(含復出口),114年,850760,鋰離子蓄電池, Lithium-ion,波蘭,28509,697.165
出口總值(含復出口),114年,850760,鋰離子蓄電池, Lithium-ion,法國,1743,18.755
出口總值(含復出口),114年,850760,鋰離子蓄電池, Lithium-ion,芬蘭,47,0.213
出口總值(含復出口),114年,850760,鋰離子蓄電池, Lithium-ion,阿拉伯聯合大公國,711,14.621
出口總值(含復出口),114年,850760,鋰離子蓄電池, Lithium-ion,阿根廷,60,0.224
出口總值(含復出口),114年,850760,鋰離子蓄電池, Lithium-ion,阿爾及利亞,0,0.002
出口總值(含復出口),114年,850760,鋰離子蓄電池, Lithium-ion,保加利亞,751,6.181
出口總值(含復出口),114年,850760,鋰離子蓄電池, Lithium-ion,南非,64,0.44
出口總值(含復出口),114年,850760,鋰離子蓄電池, Lithium-ion,南韓,7205,177.89
出口總值(含復出口),114年,850760,鋰離子蓄電池, Lithium-ion,柬埔寨,7943,79.087
出口總值(含復出口),114年,850760,鋰離子蓄電池, Lithium-ion,約旦,7,0.06
出口總值(含復出口),114年,850760,鋰離子蓄電池, Lithium-ion,美國,362465,6503.646
出口總值(含復出口),114年,850760,鋰離子蓄電池, Lithium-ion,英國,2753,45.07
出口總值(含復出口),114年,850760,鋰離子蓄電池, Lithium-ion,香港,32298,664.377
出口總值(含復出口),114年,850760,鋰離子蓄電池, Lithium-ion,哥倫比亞,827,26.989
出口總值(含復出口),114年,850760,鋰離子蓄電池, Lithium-ion,哥斯大黎加,19,0.479
出口總值(含復出口),114年,850760,鋰離子蓄電池, Lithium-ion,挪威,653,14.524
出口總值(含復出口),114年,850760,鋰離子蓄電池, Lithium-ion,泰國,15696,150.643
出口總值(含復出口),114年,850760,鋰離子蓄電池, Lithium-ion,紐西蘭,61,1.15
出口總值(含復出口),114年,850760,鋰離子蓄電池, Lithium-ion,紐喀里多尼亞,7,0.273
出口總值(含復出口),114年,850760,鋰離子蓄電池, Lithium-ion,馬來西亞,26742,590.294
出口總值(含復出口),114年,850760,鋰離子蓄電池, Lithium-ion,馬爾地夫,122,1.939
出口總值(含復出口),114年,850760,鋰離子蓄電池, Lithium-ion,捷克,7122,119.733
出口總值(含復出口),114年,850760,鋰離子蓄電池, Lithium-ion,荷蘭,33830,709.557
出口總值(含復出口),114年,850760,鋰離子蓄電池, Lithium-ion,幾內亞,2790,121.485
出口總值(含復出口),114年,850760,鋰離子蓄電池, Lithium-ion,斯洛伐克,191,3.038
出口總值(含復出口),114年,850760,鋰離子蓄電池, Lithium-ion,斯洛維尼亞,341,4.128
出口總值(含復出口),114年,850760,鋰離子蓄電池, Lithium-ion,智利,15,0.06
出口總值(含復出口),114年,850760,鋰離子蓄電池, Lithium-ion,菲律賓,15591,447.492
出口總值(含復出口),114年,850760,鋰離子蓄電池, Lithium-ion,越南,28164,342.051
出口總值(含復出口),114年,850760,鋰離子蓄電池, Lithium-ion,奧地利,8095,236.052
出口總值(含復出口),114年,850760,鋰離子蓄電池, Lithium-ion,愛沙尼亞,252,6.305
出口總值(含復出口),114年,850760,鋰離子蓄電池, Lithium-ion,愛爾蘭,93,0.674
出口總值(含復出口),114年,850760,鋰離子蓄電池, Lithium-ion,新加坡,5449,113.504
出口總值(含復出口),114年,850760,鋰離子蓄電池, Lithium-ion,瑞士,684,6.877
出口總值(含復出口),114年,850760,鋰離子蓄電池, Lithium-ion,瑞典,2332,39.49
出口總值(含復出口),114年,850760,鋰離子蓄電池, Lithium-ion,義大利,1853,22.607
出口總值(含復出口),114年,850760,鋰離子蓄電池, Lithium-ion,葡萄牙,27,0.231
出口總值(含復出口),114年,850760,鋰離子蓄電池, Lithium-ion,德國,21150,383.72
出口總值(含復出口),114年,850760,鋰離子蓄電池, Lithium-ion,模里西斯,0,0.005
出口總值(含復出口),114年,850760,鋰離子蓄電池, Lithium-ion,墨西哥,2363,31.062
出口總值(含復出口),114年,850760,鋰離子蓄電池, Lithium-ion,澳大利亞,3796,106.931
出口總值(含復出口),114年,850760,鋰離子蓄電池, Lithium-ion,盧森堡,27,0.276
出口總值(含復出口),114年,850760,鋰離子蓄電池, Lithium-ion,羅馬尼亞,2837,29.173
出口總值(含復出口),114年,850760,鋰離子蓄電池, Lithium-ion,關島,1,0.008
出口總值(含復出口),115年1月~115年3月(初步值),850760,鋰離子蓄電池, Lithium-ion,土耳其,16,0.366
出口總值(含復出口),115年1月~115年3月(初步值),850760,鋰離子蓄電池, Lithium-ion,中國大陸,2623,57.377
出口總值(含復出口),115年1月~115年3月(初步值),850760,鋰離子蓄電池, Lithium-ion,丹麥,37,0.246
出口總值(含復出口),115年1月~115年3月(初步值),850760,鋰離子蓄電池, Lithium-ion,厄瓜多,0,0
出口總值(含復出口),115年1月~115年3月(初步值),850760,鋰離子蓄電池, Lithium-ion,巴西,22,0.083
出口總值(含復出口),115年1月~115年3月(初步值),850760,鋰離子蓄電池, Lithium-ion,日本,18313,438.545
出口總值(含復出口),115年1月~115年3月(初步值),850760,鋰離子蓄電池, Lithium-ion,比利時,1163,15.919
出口總值(含復出口),115年1月~115年3月(初步值),850760,鋰離子蓄電池, Lithium-ion,以色列,64,1.073
出口總值(含復出口),115年1月~115年3月(初步值),850760,鋰離子蓄電池, Lithium-ion,加拿大,5013,89.102
出口總值(含復出口),115年1月~115年3月(初步值),850760,鋰離子蓄電池, Lithium-ion,立陶宛,344,6.63
出口總值(含復出口),115年1月~115年3月(初步值),850760,鋰離子蓄電池, Lithium-ion,匈牙利,1303,12.544
出口總值(含復出口),115年1月~115年3月(初步值),850760,鋰離子蓄電池, Lithium-ion,印尼,1636,14.352
出口總值(含復出口),115年1月~115年3月(初步值),850760,鋰離子蓄電池, Lithium-ion,印度,471,19.338
出口總值(含復出口),115年1月~115年3月(初步值),850760,鋰離子蓄電池, Lithium-ion,西班牙,83,1.378
出口總值(含復出口),115年1月~115年3月(初步值),850760,鋰離子蓄電池, Lithium-ion,克羅埃西亞,259,4.673
出口總值(含復出口),115年1月~115年3月(初步值),850760,鋰離子蓄電池, Lithium-ion,希臘,5,0.07
出口總值(含復出口),115年1月~115年3月(初步值),850760,鋰離子蓄電池, Lithium-ion,沙烏地阿拉伯,0,0.001
出口總值(含復出口),115年1月~115年3月(初步值),850760,鋰離子蓄電池, Lithium-ion,汶萊,1,0.002
出口總值(含復出口),115年1月~115年3月(初步值),850760,鋰離子蓄電池, Lithium-ion,其他國家,14,0.222
出口總值(含復出口),115年1月~115年3月(初步值),850760,鋰離子蓄電池, Lithium-ion,奈及利亞,0,0.001
出口總值(含復出口),115年1月~115年3月(初步值),850760,鋰離子蓄電池, Lithium-ion,波蘭,1716,37.581
出口總值(含復出口),115年1月~115年3月(初步值),850760,鋰離子蓄電池, Lithium-ion,法國,911,8.236
出口總值(含復出口),115年1月~115年3月(初步值),850760,鋰離子蓄電池, Lithium-ion,芬蘭,13,0.159
出口總值(含復出口),115年1月~115年3月(初步值),850760,鋰離子蓄電池, Lithium-ion,阿拉伯聯合大公國,9,0.091
出口總值(含復出口),115年1月~115年3月(初步值),850760,鋰離子蓄電池, Lithium-ion,保加利亞,103,0.522
出口總值(含復出口),115年1月~115年3月(初步值),850760,鋰離子蓄電池, Lithium-ion,南非,26,0.057
出口總值(含復出口),115年1月~115年3月(初步值),850760,鋰離子蓄電池, Lithium-ion,南韓,236,4.235
出口總值(含復出口),115年1月~115年3月(初步值),850760,鋰離子蓄電池, Lithium-ion,柬埔寨,141,1.135
出口總值(含復出口),115年1月~115年3月(初步值),850760,鋰離子蓄電池, Lithium-ion,美國,109024,1860.035
出口總值(含復出口),115年1月~115年3月(初步值),850760,鋰離子蓄電池, Lithium-ion,英國,772,12.254
出口總值(含復出口),115年1月~115年3月(初步值),850760,鋰離子蓄電池, Lithium-ion,香港,5908,105.004
出口總值(含復出口),115年1月~115年3月(初步值),850760,鋰離子蓄電池, Lithium-ion,剛果民主共和國,39,0.135
出口總值(含復出口),115年1月~115年3月(初步值),850760,鋰離子蓄電池, Lithium-ion,哥倫比亞,444,12.845
出口總值(含復出口),115年1月~115年3月(初步值),850760,鋰離子蓄電池, Lithium-ion,泰國,1364,19.916
出口總值(含復出口),115年1月~115年3月(初步值),850760,鋰離子蓄電池, Lithium-ion,紐西蘭,22,0.28
出口總值(含復出口),115年1月~115年3月(初步值),850760,鋰離子蓄電池, Lithium-ion,馬來西亞,12162,304.68
出口總值(含復出口),115年1月~115年3月(初步值),850760,鋰離子蓄電池, Lithium-ion,馬爾他,2,0.025
出口總值(含復出口),115年1月~115年3月(初步值),850760,鋰離子蓄電池, Lithium-ion,捷克,1426,17.721
出口總值(含復出口),115年1月~115年3月(初步值),850760,鋰離子蓄電池, Lithium-ion,荷蘭,7191,89.89
出口總值(含復出口),115年1月~115年3月(初步值),850760,鋰離子蓄電池, Lithium-ion,斯洛伐克,52,0.944
出口總值(含復出口),115年1月~115年3月(初步值),850760,鋰離子蓄電池, Lithium-ion,斯洛維尼亞,100,1.62
出口總值(含復出口),115年1月~115年3月(初步值),850760,鋰離子蓄電池, Lithium-ion,菲律賓,3048,106.629
出口總值(含復出口),115年1月~115年3月(初步值),850760,鋰離子蓄電池, Lithium-ion,越南,6325,88.241
出口總值(含復出口),115年1月~115年3月(初步值),850760,鋰離子蓄電池, Lithium-ion,奧地利,5698,135.213
出口總值(含復出口),115年1月~115年3月(初步值),850760,鋰離子蓄電池, Lithium-ion,愛爾蘭,20,0.126
出口總值(含復出口),115年1月~115年3月(初步值),850760,鋰離子蓄電池, Lithium-ion,新加坡,977,15.333
出口總值(含復出口),115年1月~115年3月(初步值),850760,鋰離子蓄電池, Lithium-ion,瑞士,212,2.126
出口總值(含復出口),115年1月~115年3月(初步值),850760,鋰離子蓄電池, Lithium-ion,瑞典,225,3.165
出口總值(含復出口),115年1月~115年3月(初步值),850760,鋰離子蓄電池, Lithium-ion,義大利,602,8.391
出口總值(含復出口),115年1月~115年3月(初步值),850760,鋰離子蓄電池, Lithium-ion,葡萄牙,3,0.005
出口總值(含復出口),115年1月~115年3月(初步值),850760,鋰離子蓄電池, Lithium-ion,德國,5110,55.091
出口總值(含復出口),115年1月~115年3月(初步值),850760,鋰離子蓄電池, Lithium-ion,墨西哥,1011,16.991
出口總值(含復出口),115年1月~115年3月(初步值),850760,鋰離子蓄電池, Lithium-ion,澳大利亞,485,13.496
出口總值(含復出口),115年1月~115年3月(初步值),850760,鋰離子蓄電池, Lithium-ion,盧森堡,29,0.267
出口總值(含復出口),115年1月~115年3月(初步值),850760,鋰離子蓄電池, Lithium-ion,羅馬尼亞,142,1.444
